ID	POEM	POEM_NUMBER	STANZA	LINE_ORDER	LINE_IN_SOURCE	LINE	RHYMEIDS	ALIGNMENT	RHYME	RHYME_WORD	NOTE
1	cjp	1	PKU1-7	1	□□□□□□□禄	禄	0	禄			
2	cjp	1	PKU1-7	1	寬恵善a志	寬 + 恵 + 善 + 志	0 0 0 1	寬 + 恵 + 善 + 志	a	志	
3	cjp	1	PKU1-7	1	桀紂迷惑	桀 + 紂 + 迷 + 惑	0 0 0 0	桀 + 紂 + 迷 + 惑			
4	cjp	1	PKU1-7	1	宗幽不a識	宗 + 幽 + 不 + 識	0 0 0 1	宗 + 幽 + 不 + 識	a	識	
5	cjp	1	PKU1-7	1	㝡□肄宜	㝡 + 肄 + 宜	0 0 0	㝡 + 肄 + 宜			
6	cjp	1	PKU1-7	1	□□獲a得	獲 + 得	0 1	獲 + 得	a	得	
7	cjp	1	PKU1-7	1	賓(用/木+力)向尙	賓 + 用/木+力 + 向 + 尙	0 0 0 0	賓 + 用/木+力 + 向 + 尙			
8	cjp	1	PKU1-7	1	馮奕青a北	馮 + 奕 + 青 + 北	0 0 0 1	馮 + 奕 + 青 + 北	a	北	
9	cjp	1	PKU1-7	1	係孫襃俗	係 + 孫 + 襃 + 俗	0 0 0 0	係 + 孫 + 襃 + 俗			
10	cjp	1	PKU1-7	1	貇鬵吉a忌	貇 + 鬵 + 吉 + 忌	0 0 0 1	貇 + 鬵 + 吉 + 忌	a	忌	
11	cjp	1	PKU1-7	1	瘛(疒/夅)(疒/((亠/邑)+隹))痤	瘛 + 疒/夅 + 疒/((亠/邑)+隹) + 痤	0 0 0 0	瘛 + 疒/夅 + 疒/((亠/邑)+隹) + 痤			
12	cjp	1	PKU1-7	1	疢痛遬a欬	疢 + 痛 + 遬 + 欬	0 0 0 1	疢 + 痛 + 遬 + 欬	a	欬	
13	cjp	1	PKU1-7	1	毒藥醫工	毒 + 藥 + 醫 + 工	0 0 0 0	毒 + 藥 + 醫 + 工			
14	cjp	1	PKU1-7	1	(抑+一)按啓a久	抑+一 + 按 + 啓 + 久	0 0 0 1	抑+一 + 按 + 啓 + 久	a	久	
15	cjp	1	PKU1-7	1	嬰但捾援	嬰 + 但 + 捾 + 援	0 0 0 0	嬰 + 但 + 捾 + 援			
16	cjp	1	PKU1-7	1	何竭負a(戴+丿)	何 + 竭 + 負 + 戴+丿	0 0 0 1	何 + 竭 + 負 + 戴+丿	a	戴+丿	
17	cjp	1	PKU1-7	1	谿谷阪險	谿 + 谷 + 阪 + 險	0 0 0 0	谿 + 谷 + 阪 + 險			
18	cjp	1	PKU1-7	1	丘陵故a舊	丘 + 陵 + 故 + 舊	0 0 0 1	丘 + 陵 + 故 + 舊	a	舊	
19	cjp	1	PKU1-7	1	長緩肆延	長 + 緩 + 肆 + 延	0 0 0 0	長 + 緩 + 肆 + 延			
20	cjp	1	PKU1-7	1	渙奐若a思	渙 + 奐 + 若 + 思	0 0 0 1	渙 + 奐 + 若 + 思	a	思	
21	cjp	1	PKU1-7	1	勇猛剛毅	勇 + 猛 + 剛 + 毅	0 0 0 0	勇 + 猛 + 剛 + 毅			
22	cjp	1	PKU1-7	1	便疌巧a((口+了+攵)/一)	便 + 疌 + 巧 + (口+了+攵)/一	0 0 0 1	便 + 疌 + 巧 + (口+了+攵)/一	a	(口+了+攵)/一	
23	cjp	1	PKU1-7	1	景桓昭穆	景 + 桓 + 昭 + 穆	0 0 0 0	景 + 桓 + 昭 + 穆			
24	cjp	1	PKU1-7	1	豊盈爨a((音/火)+戈)	豊 + 盈 + 爨 + (音/火)+戈	0 0 0 1	豊 + 盈 + 爨 + (音/火)+戈	a	(音/火)+戈	
25	cjp	1	PKU1-7	1	嬛䓘蜎黑	嬛 + 䓘 + 蜎 + 黑	0 0 0 0	嬛 + 䓘 + 蜎 + 黑			
26	cjp	1	PKU1-7	1	(女+寃)娒款a餌	女+寃 + 娒 + 款 + 餌	0 0 0 1	女+寃 + 娒 + 款 + 餌	a	餌	
27	cjp	1	PKU1-7	1	%第五	第 + 五	0 0	第 + 五			
28	cjp	1	PKU1-7	1	戲叢(土/者)插	戲 + 叢 + 土/者 + 插	0 0 0 0	戲 + 叢 + 土/者 + 插			
29	cjp	1	PKU1-7	1	((匕/罒/兀)+頁)𩕾重a該	(匕/罒/兀)+頁 + 𩕾 + 重 + 該	0 0 0 1	(匕/罒/兀)+頁 + 𩕾 + 重 + 該	a	該	
30	cjp	1	PKU1-7	1	悉起臣僕	悉 + 起 + 臣 + 僕	0 0 0 0	悉 + 起 + 臣 + 僕			
31	cjp	1	PKU1-7	1	發傳約a(載+丿)	發 + 傳 + 約 + 載+丿	0 0 0 1	發 + 傳 + 約 + 載+丿	a	載+丿	
32	cjp	1	PKU1-7	1	趣遽觀朢	趣 + 遽 + 觀 + 朢	0 0 0 0	趣 + 遽 + 觀 + 朢			
33	cjp	1	PKU1-7	1	行步駕a服	行 + 步 + 駕 + 服	0 0 0 1	行 + 步 + 駕 + 服	a	服	
34	cjp	1	PKU1-7	1	逋逃隱匿	逋 + 逃 + 隱 + 匿	0 0 0 0	逋 + 逃 + 隱 + 匿			
35	cjp	1	PKU1-7	1	往來䀎a睞	往 + 來 + 䀎 + 睞	0 0 0 1	往 + 來 + 䀎 + 睞	a	睞	
36	cjp	1	PKU1-7	1	%百五十二	百 + 五 + 十 + 二	0 0 0 0	百 + 五 + 十 + 二			
37	cjp	2	PKU8-11	1	%漢	漢	0	漢			
38	cjp	2	PKU8-11	1	漢兼天下	漢 + 兼 + 天 + 下	0 0 0 0	漢 + 兼 + 天 + 下			
39	cjp	2	PKU8-11	1	海內並b廁	海 + 內 + 並 + 廁	0 0 0 2	海 + 內 + 並 + 廁	b	廁	
40	cjp	2	PKU8-11	1	胡無噍類	胡 + 無 + 噍 + 類	0 0 0 0	胡 + 無 + 噍 + 類			
41	cjp	2	PKU8-11	1	菹醢離b異	菹 + 醢 + 離 + 異	0 0 0 2	菹 + 醢 + 離 + 異	b	異	
42	cjp	2	PKU8-11	1	{毋入刑}戎	毋 + 入 + 刑 + 戎	0 0 0 0	毋 + 入 + 刑 + 戎			
43	cjp	2	PKU8-11	1	翟給賓b{賦}	翟 + 給 + 賓 + 賦	0 0 0 2	翟 + 給 + 賓 + 賦	b	賦	
44	cjp	2	PKU8-11	1	{斂}□兼□	斂 + 兼	0 0	斂 + 兼			
45	cjp	2	PKU8-11	1	百越貢b織	百 + 越 + 貢 + 織	0 0 0 2	百 + 越 + 貢 + 織	b	織	
46	cjp	2	PKU8-11	1	飭端脩((氵/去)+廌)	飭 + 端 + 脩 + (氵/去)+廌	0 0 0 0	飭 + 端 + 脩 + (氵/去)+廌			
47	cjp	2	PKU8-11	1	(䜌/又)大制b(裁丿)	𠮓 + 大 + 制 + 裁丿	0 0 0 2	𠮓 + 大 + 制 + 裁丿	b	裁丿	
48	cjp	2	PKU8-11	1	(裁丿)男女蕃殖	裁丿 + 男 + 女 + 蕃 + 殖	0 0 0 0 0	裁丿 + 男 + 女 + 蕃 + 殖			
49	cjp	2	PKU8-11	1	六畜逐b字	六 + 畜 + 逐 + 字	0 0 0 2	六 + 畜 + 逐 + 字	b	字	
50	cjp	2	PKU8-11	1	顫((厂/角)+虎)觭贏	顫 + (厂/角)+虎 + 觭 + 贏	0 0 0 0	顫 + (厂/角)+虎 + 觭 + 贏			
51	cjp	2	PKU8-11	1	骫奊左b右	骫 + 奊 + 左 + 右	0 0 0 2	骫 + 奊 + 左 + 右	b	右	
52	cjp	2	PKU8-11	1	(敖/力)悍驕裾	𠢕 + 悍 + 驕 + 裾	0 0 0 0	𠢕 + 悍 + 驕 + 裾			
53	cjp	2	PKU8-11	1	誅罰貲b耐	誅 + 罰 + 貲 + 耐	0 0 0 2	誅 + 罰 + 貲 + 耐	b	耐	
54	cjp	2	PKU8-11	1	丹勝誤亂	丹 + 勝 + 誤 + 亂	0 0 0 0	丹 + 勝 + 誤 + 亂			
55	cjp	2	PKU8-11	1	圄奪(亻+(彐/冖/支))b試	圄 + 奪 + 亻+(彐/冖/支) + 試	0 0 0 2	圄 + 奪 + 亻+(彐/冖/支) + 試	b	試	
56	cjp	2	PKU8-11	1	胡貉離絕	胡 + 貉 + 離 + 絕	0 0 0 0	胡 + 貉 + 離 + 絕			
57	cjp	2	PKU8-11	1	(冖/豕)(高/干)棺b柩	冖/豕 + 高/干 + 棺 + 柩	0 0 0 2	冖/豕 + 高/干 + 棺 + 柩	b	柩	
58	cjp	2	PKU8-11	1	巴蜀筡竹	巴 + 蜀 + 筡 + 竹	0 0 0 0	巴 + 蜀 + 筡 + 竹			
59	cjp	2	PKU8-11	1	筐篋籢b笥	筐 + 篋 + 籢 + 笥	0 0 0 2	筐 + 篋 + 籢 + 笥	b	笥	
60	cjp	3	PKU12-13	1	%闊	闊	0	闊			
61	cjp	3	PKU12-13	1	闊錯蹵葆	闊 + 錯 + 蹵 + 葆	0 0 0 0	闊 + 錯 + 蹵 + 葆			
62	cjp	3	PKU12-13	1	䟫據(走+㡿)c等	䟫 + 據 + 走+㡿 + 等	0 0 0 3	䟫 + 據 + 走+㡿 + 等	c	等	
63	cjp	3	PKU12-13	1	梲(元+虫)隖闉	梲 + 元+虫 + 隖 + 闉	0 0 0 0	梲 + 元+虫 + 隖 + 闉			
64	cjp	3	PKU12-13	1	鈐(釒+隋)閏c悝	鈐 + 釒+隋 + 閏 + 悝	0 0 0 3	鈐 + 釒+隋 + 閏 + 悝	c	悝	
65	cjp	3	PKU12-13	1	騁虧刻(木+匕+卩)	騁 + 虧 + 刻 + 木+匕+卩	0 0 0 0	騁 + 虧 + 刻 + 木+匕+卩			
66	cjp	3	PKU12-13	1	錯((亠/曰)+首)((氵/彡)+聿)郖c鄙	錯 + (亠/曰)+首 + (氵/彡)+聿 + 郖 + 鄙	0 0 0 0 3	錯 + (亠/曰)+首 + (氵/彡)+聿 + 郖 + 鄙	c	鄙	
67	cjp	3	PKU12-13	1	祁綯鐔幅	祁 + 綯 + 鐔 + 幅	0 0 0 0	祁 + 綯 + 鐔 + 幅			
68	cjp	3	PKU12-13	1	芒隒偏c有	芒 + 隒 + 偏 + 有	0 0 0 3	芒 + 隒 + 偏 + 有	c	有	
69	cjp	3	PKU12-13	1	泫沄孃(女/至)	泫 + 沄 + 孃 + 女/至	0 0 0 0	泫 + 沄 + 孃 + 女/至			
70	cjp	3	PKU12-13	1	髳岪絰c枲	髳 + 岪 + 絰 + 枲	0 0 0 3	髳 + 岪 + 絰 + 枲	c	枲	
71	cjp	3	PKU12-13	1	{(巾+各)布絮繫	巾+各 + 布 + 絮 + 繫	0 0 0 0	巾+各 + 布 + 絮 + 繫			
72	cjp	3	PKU12-13	1	䋈雙(倝／□)簞c□}	䋈 + 雙 + 倝／□ + 簞	0 0 0 0	䋈 + 雙 + 倝／□ + 簞			
73	cjp	4	PKU14-15	1	(皀+鳥)煦窅閣	鵖 + 煦 + 窅 + 閣	0 0 0 0	鵖 + 煦 + 窅 + 閣			
74	cjp	4	PKU14-15	1	泠竁遲d包	泠 + 竁 + 遲 + 包	0 0 0 4	泠 + 竁 + 遲 + 包	d	包	
75	cjp	4	PKU14-15	1	穗䅌苫㛍	穗 + 䅌 + 苫 + 㛍	0 0 0 0	穗 + 䅌 + 苫 + 㛍			
76	cjp	4	PKU14-15	1	挾貯施d(亠/(弔+口)/𧘇)	挾 + 貯 + 施 + 亠/(弔+口)/𧘇	0 0 0 4	挾 + 貯 + 施 + 亠/(弔+口)/𧘇	d	亠/(弔+口)/𧘇	
77	cjp	4	PKU14-15	1	狄署賦賨	狄 + 署 + 賦 + 賨	0 0 0 0	狄 + 署 + 賦 + 賨			
78	cjp	4	PKU14-15	1	(豸+舌)驁駿d謷	豸+舌 + 驁 + 駿 + 謷	0 0 0 4	豸+舌 + 驁 + 駿 + 謷	d	謷	
79	cjp	4	PKU14-15	1	((立/田/十)+(夂/貝))害輟感	(立/田/十)+(夂/貝) + 害 + 輟 + 感	0 0 0 0	(立/田/十)+(夂/貝) + 害 + 輟 + 感			
80	cjp	4	PKU14-15	1	甄(䍍-一)燔d窯	甄 + 䍍-一 + 燔 + 窯	0 0 0 4	甄 + 䍍-一 + 燔 + 窯	d	窯	
81	cjp	4	PKU14-15	1	秅秿麻荅	秅 + 秿 + 麻 + 荅	0 0 0 0	秅 + 秿 + 麻 + 荅			
82	cjp	4	PKU14-15	1	((土/冖/麦)+殳)(艹/((山/丿/口)+辛)/米)鞠d□	(土/冖/麦)+殳 + 艹/((山/丿/口)+辛)/米 + 鞠	0 0 0	(土/冖/麦)+殳 + 艹/((山/丿/口)+辛)/米 + 鞠			
83	cjp	5	PKU16-18	1	猜常袞土	猜 + 常 + 袞 + 土	0 0 0 0	猜 + 常 + 袞 + 土			
84	cjp	5	PKU16-18	1	橘(艹/(䚻+系))葽e苞	橘 + 艹/(䚻+系) + 葽 + 苞	0 0 0 5	橘 + 艹/(䚻+系) + 葽 + 苞	e	苞	
85	cjp	5	PKU16-18	1	塵埃((𦥑囟)/一/灭)風	塵 + 埃 + (𦥑囟)/一/灭 + 風	0 0 0 0	塵 + 埃 + (𦥑囟)/一/灭 + 風			
86	cjp	5	PKU16-18	1	嫯鬕(㝰-丶)e(扌+夒)	嫯 + 鬕 + 㝰-丶 + 𢺕	0 0 0 5	嫯 + 鬕 + 㝰-丶 + 𢺕	e	𢺕	
87	cjp	5	PKU16-18	1	嫳䵌嬈嫸	嫳 + 䵌 + 嬈 + 嫸	0 0 0 0	嫳 + 䵌 + 嬈 + 嫸			
88	cjp	5	PKU16-18	1	嫺孈范e麀	嫺 + 孈 + 范 + 麀	0 0 0 5	嫺 + 孈 + 范 + 麀	e	麀	
89	cjp	5	PKU16-18	1	帗帴裘褐	帗 + 帴 + 裘 + 褐	0 0 0 0	帗 + 帴 + 裘 + 褐			
90	cjp	5	PKU16-18	1	(((穴+𠃍)/㔾)+关)(屨/夂)幋e袍	((穴+𠃍)/㔾)+关 + 屨/夂 + 幋 + 袍	0 0 0 5	((穴+𠃍)/㔾)+关 + 屨/夂 + 幋 + 袍	e	袍	
91	cjp	5	PKU16-18	1	鷮(氵+□)冄愁	鷮 + 氵+□ + 冄 + 愁	0 0 0 0	鷮 + 氵+□ + 冄 + 愁			
92	cjp	5	PKU16-18	1	焦讎□e□	焦 + 讎	0 0	焦 + 讎			
93	cjp	5	PKU16-18	1	䶦娭齺齪	䶦 + 娭 + 齺 + 齪	0 0 0 0	䶦 + 娭 + 齺 + 齪			
94	cjp	5	PKU16-18	1	齧繞黜e勠	齧 + 繞 + 黜 + 勠	0 0 0 5	齧 + 繞 + 黜 + 勠	e	勠	
95	cjp	5	PKU16-18	1	美數券契	美 + 數 + 券 + 契	0 0 0 0	美 + 數 + 券 + 契			
96	cjp	5	PKU16-18	1	筆研筭e籌	筆 + 研 + 筭 + 籌	0 0 0 5	筆 + 研 + 筭 + 籌	e	籌	
97	cjp	5	PKU16-18	1	鞫窡訏窬	鞫 + 窡 + 訏 + 窬	0 0 0 0	鞫 + 窡 + 訏 + 窬			
98	cjp	5	PKU16-18	1	□□□e□						
99	cjp	6	PKU19	1	(舟+(𠔉/土))籥(阝+(召/土))沙	舟+(𠔉/土) + 籥 + 阝+(召/土) + 沙	0 0 0 0	舟+(𠔉/土) + 籥 + 阝+(召/土) + 沙			
100	cjp	6	PKU19	1	遮迣沓f䛬	遮 + 迣 + 沓 + 䛬	0 0 0 6	遮 + 迣 + 沓 + 䛬	f	䛬	
101	cjp	6	PKU19	1	鏶鍵(艹((每+糸)/泉 ))總納	鏶 + 鍵 + 艹((每+糸)/泉 ) + 總 + 納	0 0 0 0 0	鏶 + 鍵 + 艹((每+糸)/泉 ) + 總 + 納			
102	cjp	6	PKU19	1	韔戀f櫜	韔 + 戀 + 櫜	0 0 6	韔 + 戀 + 櫜	f	櫜	
103	cjp	6	PKU19	1	(𥫗/死／廾)墳鬑㺌	𥫗/死／廾 + 墳 + 鬑 + 㺌	0 0 0 0	𥫗/死／廾 + 墳 + 鬑 + 㺌			
104	cjp	6	PKU19	1	□□□f□						
105	cjp	7	PKU20-21	1	飫(肙+犬)然稀支	飫 + 𤞣 + 然 + 稀 + 支	0 0 0 0 0	飫 + 𤞣 + 然 + 稀 + 支			
106	cjp	7	PKU20-21	1	袤牒g膠	袤 + 牒 + 膠	0 0 7	袤 + 牒 + 膠	g	膠	
107	cjp	7	PKU20-21	1	(宀/(米+萬))鮒䲒䲊	宀/(米+萬) + 鮒 + 䲒 + 䲊	0 0 0 0	宀/(米+萬) + 鮒 + 䲒 + 䲊			
108	cjp	7	PKU20-21	1	鱣鮪鯉g鯂	鱣 + 鮪 + 鯉 + 鯂	0 0 0 7	鱣 + 鮪 + 鯉 + 鯂	g	鯂	
109	cjp	7	PKU20-21	1	摻㧊羭(羊+□)	摻 + 㧊 + 羭 + 羊+□	0 0 0 0	摻 + 㧊 + 羭 + 羊+□			
110	cjp	7	PKU20-21	1	羒(敄/羊)羜g羔	羒 + 𦎦 + 羜 + 羔	0 0 0 7	羒 + 𦎦 + 羜 + 羔	g	羔	
111	cjp	7	PKU20-21	1	冤(曰/夫/言 )暧通	冤 + 曰/夫/言 + 暧 + 通	0 0 0 0	冤 + 曰/夫/言 + 暧 + 通			
112	cjp	7	PKU20-21	1	坐((𦥑+囟)/大/㔾)讂g求	坐 + (𦥑+囟)/大/㔾 + 讂 + 求	0 0 0 7	坐 + (𦥑+囟)/大/㔾 + 讂 + 求	g	求	
113	cjp	7	PKU20-21	1	㗬閻堪況	㗬 + 閻 + 堪 + 況	0 0 0 0	㗬 + 閻 + 堪 + 況			
114	cjp	7	PKU20-21	1	燎灼煎g炮	燎 + 灼 + 煎 + 炮	0 0 0 7	燎 + 灼 + 煎 + 炮	g	炮	
115	cjp	8	PKU22	1	䬽斟掇謍	䬽 + 斟 + 掇 + 謍	0 0 0 0	䬽 + 斟 + 掇 + 謍			
116	cjp	8	PKU22	1	(訁+嬰)䚥h聊	訁+嬰 + 䚥 + 聊	0 0 8	訁+嬰 + 䚥 + 聊	h	聊	
117	cjp	9	PKU23	1	□□□□						
118	cjp	9	PKU23	1	□□□i鼛	鼛	9	鼛	i	鼛	
119	cjp	9	PKU23	1	級絇(𥫗/巨)繩	級 + 絇 + 𥫗/巨 + 繩	0 0 0 0	級 + 絇 + 𥫗/巨 + 繩			
120	cjp	9	PKU23	1	□□□i□						
121	cjp	10	PKU24	1	莎荔䔌蔓	莎 + 荔 + 䔌 + 蔓	0 0 0 0	莎 + 荔 + 䔌 + 蔓			
122	cjp	10	PKU24	1	蓬蒿蒹j葭	蓬 + 蒿 + 蒹 + 葭	0 0 0 10	蓬 + 蒿 + 蒹 + 葭	j	葭	
123	cjp	10	PKU24	1	蕧𧆑莪蔞	蕧 + 𧆑 + 莪 + 蔞	0 0 0 0	蕧 + 𧆑 + 莪 + 蔞			
124	cjp	10	PKU24	1	(艹/辥)藜薊j荼	𧃎 + 藜 + 薊 + 荼	0 0 0 10	𧃎 + 藜 + 薊 + 荼	j	荼	
125	cjp	10	PKU24	1	薺芥萊荏	薺 + 芥 + 萊 + 荏	0 0 0 0	薺 + 芥 + 萊 + 荏			
126	cjp	10	PKU24	1	□□□j□						
127	cjp	11	PKU25-26	1	□□□□						
128	cjp	11	PKU25-26	1	茱臾蓼k蘓	茱 + 臾 + 蓼 + 蘓	0 0 0 11	茱 + 臾 + 蓼 + 蘓	k	蘓	
129	cjp	11	PKU25-26	1	果蓏茄蓮	果 + 蓏 + 茄 + 蓮	0 0 0 0	果 + 蓏 + 茄 + 蓮			
130	cjp	11	PKU25-26	1	(辛/木)栗瓠k瓜	𣓀 + 栗 + 瓠 + 瓜	0 0 0 11	𣓀 + 栗 + 瓠 + 瓜	k	瓜	
131	cjp	11	PKU25-26	1	堅(㝅-一)(木+((口+了+夂)/一))(糹+啟)	堅 + 㝅-一 + 木+((口+了+夂)/一) + 糹+啟	0 0 0 0	堅 + 㝅-一 + 木+((口+了+夂)/一) + 糹+啟			
132	cjp	11	PKU25-26	1	饒飽(米/丗/廾)k餘	饒 + 飽 + 米/丗/廾 + 餘	0 0 0 11	饒 + 飽 + 米/丗/廾 + 餘	k	餘	
133	cjp	11	PKU25-26	1	肸𧓉尼睆	肸 + 𧓉 + 尼 + 睆	0 0 0 0	肸 + 𧓉 + 尼 + 睆			
134	cjp	11	PKU25-26	1	(飠戹)餓䭑k餔	飠戹 + 餓 + 䭑 + 餔	0 0 0 11	飠戹 + 餓 + 䭑 + 餔	k	餔	
135	cjp	11	PKU25-26	1	百廿八	百 + 廿 + 八	0 0 0	百 + 廿 + 八			
136	cjp	11	PKU25-26	1	PKU27-30						
137	cjp	11	PKU25-26	1	幣	幣	0	幣			
138	cjp	11	PKU25-26	1	幣帛羞獻	幣 + 帛 + 羞 + 獻	0 0 0 0	幣 + 帛 + 羞 + 獻			
139	cjp	11	PKU25-26	1	請謁任l辜	請 + 謁 + 任 + 辜	0 0 0 12	請 + 謁 + 任 + 辜	l	辜	
140	cjp	11	PKU25-26	1	禮節揖讓	禮 + 節 + 揖 + 讓	0 0 0 0	禮 + 節 + 揖 + 讓			
141	cjp	11	PKU25-26	1	送客興l居	送 + 客 + 興 + 居	0 0 0 12	送 + 客 + 興 + 居	l	居	
142	cjp	11	PKU25-26	1	(享+隹)䨄(鳥+戈)䧿	𨿡 + 䨄 + 𩿙 + 䧿	0 0 0 0	𨿡 + 䨄 + 𩿙 + 䧿			
143	cjp	11	PKU25-26	1	帛雉(罒/(𦥑+乚))鳥l[?]烏	帛 + 雉 + 罒/(𦥑+乚) + 鳥 + 烏	0 0 0 0 12	帛 + 雉 + 罒/(𦥑+乚) + 鳥 + 烏	l	烏	[?
144	cjp	11	PKU25-26	1	(東/隹)雛芸卵	東/隹 + 雛 + 芸 + 卵	0 0 0 0	東/隹 + 雛 + 芸 + 卵			
145	cjp	11	PKU25-26	1	(林/祘)蓳䓜l菹	𬄷 + 蓳 + 䓜 + 菹	0 0 0 12	𬄷 + 蓳 + 䓜 + 菹	l	菹	
146	cjp	11	PKU25-26	1	(豸+(田/比))獺(鼠+卯)(㺉-一)	豸+(田/比) + 獺 + 𪕋 + 㺉-一	0 0 0 0	豸+(田/比) + 獺 + 𪕋 + 㺉-一			
147	cjp	11	PKU25-26	1	貖鼩鼦l狐	貖 + 鼩 + 鼦 + 狐	0 0 0 12	貖 + 鼩 + 鼦 + 狐	l	狐	
148	cjp	11	PKU25-26	1	蛟龍蟲蛇	蛟 + 龍 + 蟲 + 蛇	0 0 0 0	蛟 + 龍 + 蟲 + 蛇			
149	cjp	11	PKU25-26	1	(元+黽)(黽+單)鼈l魚	元+黽 + 黽+單 + 鼈 + 魚	0 0 0 12	元+黽 + 黽+單 + 鼈 + 魚	l	魚	
150	cjp	11	PKU25-26	1	陷阱鍲釣	陷 + 阱 + 鍲 + 釣	0 0 0 0	陷 + 阱 + 鍲 + 釣			
151	cjp	11	PKU25-26	1	罾笱罘l罝	罾 + 笱 + 罘 + 罝	0 0 0 12	罾 + 笱 + 罘 + 罝	l	罝	
152	cjp	11	PKU25-26	1	毛(角/酉)((士/冖/角)+殳)矰	毛 + 角/酉 + (士/冖/角)+殳 + 矰	0 0 0 0	毛 + 角/酉 + (士/冖/角)+殳 + 矰			
153	cjp	11	PKU25-26	1	收繳縈l紆	收 + 繳 + 縈 + 紆	0 0 0 12	收 + 繳 + 縈 + 紆	l	紆	
154	cjp	11	PKU25-26	1	汁洎流敗	汁 + 洎 + 流 + 敗	0 0 0 0	汁 + 洎 + 流 + 敗			
155	cjp	11	PKU25-26	1	橐(-木+虫)臭腑l䏣	橐 + -木+虫 + 臭 + 腑 + 䏣	0 0 0 0 12	橐 + -木+虫 + 臭 + 腑 + 䏣	l	䏣	
156	cjp	11	PKU25-26	1	貪欲資貨	貪 + 欲 + 資 + 貨	0 0 0 0	貪 + 欲 + 資 + 貨			
157	cjp	11	PKU25-26	1	羕溢跂l(夫+䀠)	羕 + 溢 + 跂 + 夫+䀠	0 0 0 12	羕 + 溢 + 跂 + 夫+䀠	l	夫+䀠	
158	cjp	12	PKU31	1	頑袥椷師鰥寡特m孤	頑 + 袥 + 椷 + 師 + 鰥 + 寡 + 特 + 孤	0 0 0 0 0 0 0 13	頑 + 袥 + 椷 + 師 + 鰥 + 寡 + 特 + 孤	m	孤	
159	cjp	12	PKU31	1	%百廿八	百 + 廿 + 八	0 0 0	百 + 廿 + 八			
160	cjp	13	PKU32-33	1	%悝	悝	0	悝			
161	cjp	13	PKU32-33	1	(卒+頁)勃醉n酤	顇 + 勃 + 醉 + 酤	0 0 0 14	顇 + 勃 + 醉 + 酤	n	酤	
162	cjp	13	PKU32-33	1	趬文窣突	趬 + 文 + 窣 + 突	0 0 0 0	趬 + 文 + 窣 + 突			
163	cjp	13	PKU32-33	1	(𦍌/左)費㱃n酺	𦍌/左 + 費 + 㱃 + 酺	0 0 0 14	𦍌/左 + 費 + 㱃 + 酺	n	酺	
164	cjp	13	PKU32-33	1	細小貧寠	細 + 小 + 貧 + 寠	0 0 0 0	細 + 小 + 貧 + 寠			
165	cjp	13	PKU32-33	1	气匃貰n捈	气 + 匃 + 貰 + 捈	0 0 0 14	气 + 匃 + 貰 + 捈	n	捈	
166	cjp	13	PKU32-33	1	歜潘閒(𥫗/閒)	歜 + 潘 + 閒 + 𥫗/閒	0 0 0 0	歜 + 潘 + 閒 + 𥫗/閒			
167	cjp	13	PKU32-33	1	鼙鼓歌n醵	鼙 + 鼓 + 歌 + 醵	0 0 0 14	鼙 + 鼓 + 歌 + 醵	n	醵	
168	cjp	13	PKU32-33	1	盨娶褭(女+(罒/厂/罒/大))	盨 + 娶 + 褭 + 女+(罒/厂/罒/大)	0 0 0 0	盨 + 娶 + 褭 + 女+(罒/厂/罒/大)			
169	cjp	13	PKU32-33	1	鄭舞炊n竽	鄭 + 舞 + 炊 + 竽	0 0 0 14	鄭 + 舞 + 炊 + 竽	n	竽	
170	cjp	13	PKU32-33	1	((夫/女)+見)捐姽嫿	(夫/女)+見 + 捐 + 姽 + 嫿	0 0 0 0	(夫/女)+見 + 捐 + 姽 + 嫿			
171	cjp	13	PKU32-33	1	□□□n□						
172	cjp	14	PKU34-37	1	柳櫟檀柘	柳 + 櫟 + 檀 + 柘	0 0 0 0	柳 + 櫟 + 檀 + 柘			
173	cjp	14	PKU34-37	1	柱橈枝o枎	柱 + 橈 + 枝 + 枎	0 0 0 15	柱 + 橈 + 枝 + 枎	o	枎	
174	cjp	14	PKU34-37	1	瓦蓋焚櫋	瓦 + 蓋 + 焚 + 櫋	0 0 0 0	瓦 + 蓋 + 焚 + 櫋			
175	cjp	14	PKU34-37	1	(亞/曰)漑(巾+夒)o杅	亞/曰 + 漑 + 𢅼 + 杅	0 0 0 15	亞/曰 + 漑 + 𢅼 + 杅	o	杅	
176	cjp	14	PKU34-37	1	端直準繩	端 + 直 + 準 + 繩	0 0 0 0	端 + 直 + 準 + 繩			
177	cjp	14	PKU34-37	1	媌噲菁o華	媌 + 噲 + 菁 + 華	0 0 0 15	媌 + 噲 + 菁 + 華	o	華	
178	cjp	14	PKU34-37	1	姣窔娃(女+(恚))	姣 + 窔 + 娃 + 女+(恚)	0 0 0 0	姣 + 窔 + 娃 + 女+(恚)			
179	cjp	14	PKU34-37	1	啜啗黎o樝	啜 + 啗 + 黎 + 樝	0 0 0 15	啜 + 啗 + 黎 + 樝	o	樝	
180	cjp	14	PKU34-37	1	粉黱脂膏	粉 + 黱 + 脂 + 膏	0 0 0 0	粉 + 黱 + 脂 + 膏			
181	cjp	14	PKU34-37	1	鏡籋比o疏	鏡 + 籋 + 比 + 疏	0 0 0 15	鏡 + 籋 + 比 + 疏	o	疏	
182	cjp	14	PKU34-37	1	頾髦鬋搣	頾 + 髦 + 鬋 + 搣	0 0 0 0	頾 + 髦 + 鬋 + 搣			
183	cjp	14	PKU34-37	1	須(須/冄)髮o膚	須 + 𩒹 + 髮 + 膚	0 0 0 15	須 + 𩒹 + 髮 + 膚	o	膚	
184	cjp	14	PKU34-37	1	癉熱疥癘	癉 + 熱 + 疥 + 癘	0 0 0 0	癉 + 熱 + 疥 + 癘			
185	cjp	14	PKU34-37	1	瘕痹㿛o疽	瘕 + 痹 + 㿛 + 疽	0 0 0 15	瘕 + 痹 + 㿛 + 疽	o	疽	
186	cjp	14	PKU34-37	1	旃翳簦笠	旃 + 翳 + 簦 + 笠	0 0 0 0	旃 + 翳 + 簦 + 笠			
187	cjp	14	PKU34-37	1	羽扇聶o譽	羽 + 扇 + 聶 + 譽	0 0 0 15	羽 + 扇 + 聶 + 譽	o	譽	
188	cjp	14	PKU34-37	1	(木+(旬/丂))梗栘棘	木+(旬/丂) + 梗 + 栘 + 棘	0 0 0 0	木+(旬/丂) + 梗 + 栘 + 棘			
189	cjp	14	PKU34-37	1	(亻+亻+(夂/朩))篲欒o(木+虖)	亻+亻+(夂/朩) + 篲 + 欒 + 㯉	0 0 0 15	亻+亻+(夂/朩) + 篲 + 欒 + 㯉	o	㯉	
190	cjp	14	PKU34-37	1	%百一十二	百 + 一 + 十 + 二	0 0 0 0	百 + 一 + 十 + 二			
191	cjp	15	PKU38	1	□□貘p(鹿/與)	貘 + 鹿/與	0 16	貘 + 鹿/與	p	鹿/與	
192	cjp	15	PKU38	1	麃欻朖(桒+一)	麃 + 欻 + 朖 + 桒+一	0 0 0 0	麃 + 欻 + 朖 + 桒+一			
193	cjp	16	PKU39	1	崈暜諌敦	崈 + 暜 + 諌 + 敦	0 0 0 0	崈 + 暜 + 諌 + 敦			
194	cjp	16	PKU39	1	讀飾柰q壐	讀 + 飾 + 柰 + 壐	0 0 0 17	讀 + 飾 + 柰 + 壐	q	壐	
195	cjp	16	PKU39	1	瘧斷痥㾆	瘧 + 斷 + 痥 + 㾆	0 0 0 0	瘧 + 斷 + 痥 + 㾆			
196	cjp	16	PKU39	1	膩僞(敫/木)q棨	膩 + 僞 + 𣜥 + 棨	0 0 0 17	膩 + 僞 + 𣜥 + 棨	q	棨	
197	cjp	16	PKU39	1	淺汙盱復	淺 + 汙 + 盱 + 復	0 0 0 0	淺 + 汙 + 盱 + 復			
198	cjp	16	PKU39	1	□□□q□						
199	cjp	17	PKU40-41	1	娓㲂矕㛊	娓 + 㲂 + 矕 + 㛊	0 0 0 0	娓 + 㲂 + 矕 + 㛊			
200	cjp	17	PKU40-41	1	蠻(戕+(一/口))趍r恚	蠻 + 戕+(一/口) + 趍 + 恚	0 0 0 18	蠻 + 戕+(一/口) + 趍 + 恚	r	恚	
201	cjp	17	PKU40-41	1	鬾袳(女+甫)再	鬾 + 袳 + 𡜵 + 再	0 0 0 0	鬾 + 袳 + 𡜵 + 再			
202	cjp	17	PKU40-41	1	𨏉䡞䡩r解	𨏉 + 䡞 + 䡩 + 解	0 0 0 18	𨏉 + 䡞 + 䡩 + 解	r	解	
203	cjp	17	PKU40-41	1	姎(女+(艹/隹))點媿	姎 + 女+(艹/隹) + 點 + 媿	0 0 0 0	姎 + 女+(艹/隹) + 點 + 媿			
204	cjp	17	PKU40-41	1	(般/目)媻嬬r媞	𥈼 + 媻 + 嬬 + 媞	0 0 0 18	𥈼 + 媻 + 嬬 + 媞	r	媞	
205	cjp	17	PKU40-41	1	頫壞蠉虩	頫 + 壞 + 蠉 + 虩	0 0 0 0	頫 + 壞 + 蠉 + 虩			
206	cjp	17	PKU40-41	1	(广/悤)序㡲r讗	广/悤 + 序 + 㡲 + 讗	0 0 0 18	广/悤 + 序 + 㡲 + 讗	r	讗	
207	cjp	17	PKU40-41	1	(疒/巂)效姰臥	疒/巂 + 效 + 姰 + 臥	0 0 0 0	疒/巂 + 效 + 姰 + 臥			
208	cjp	17	PKU40-41	1	滫(倉+住)鷽r䞚	滫 + 倉+住 + 鷽 + 䞚	0 0 0 18	滫 + 倉+住 + 鷽 + 䞚	r	䞚	
209	cjp	18	PKU42-43	1	賣購件妚	賣 + 購 + 件 + 妚	0 0 0 0	賣 + 購 + 件 + 妚			
210	cjp	18	PKU42-43	1	(𦍌/永)櫄杪s柴	羕 + 櫄 + 杪 + 柴	0 0 0 19	羕 + 櫄 + 杪 + 柴	s	柴	
211	cjp	18	PKU42-43	1	箸(氵+廴+𡈼)縞給	箸 + 氵+廴+𡈼 + 縞 + 給	0 0 0 0	箸 + 氵+廴+𡈼 + 縞 + 給			
212	cjp	18	PKU42-43	1	勸忻槈s(耒+圭)	勸 + 忻 + 槈 + 𦓯	0 0 0 19	勸 + 忻 + 槈 + 𦓯	s	𦓯	
213	cjp	18	PKU42-43	1	某柟早蠸購	某 + 柟 + 早 + 蠸 + 購	0 0 0 0 0	某 + 柟 + 早 + 蠸 + 購			
214	cjp	18	PKU42-43	1	㝣椅姘s觟	㝣 + 椅 + 姘 + 觟	0 0 0 19	㝣 + 椅 + 姘 + 觟	s	觟	
215	cjp	18	PKU42-43	1	戾弇焉宛	戾 + 弇 + 焉 + 宛	0 0 0 0	戾 + 弇 + 焉 + 宛			
216	cjp	18	PKU42-43	1	郃簍埒s畦	郃 + 簍 + 埒 + 畦	0 0 0 19	郃 + 簍 + 埒 + 畦	s	畦	
217	cjp	18	PKU42-43	1	狛䞈溓滎	狛 + 䞈 + 溓 + 滎	0 0 0 0	狛 + 䞈 + 溓 + 滎			
218	cjp	18	PKU42-43	1	蠶綶(尸/玨/衣)s庳	蠶 + 綶 + 尸/玨/衣 + 庳	0 0 0 19	蠶 + 綶 + 尸/玨/衣 + 庳	s	庳	
219	cjp	19	PKU44-45	1	梧域邸造	梧 + 域 + 邸 + 造	0 0 0 0	梧 + 域 + 邸 + 造			
220	cjp	19	PKU44-45	1	肂縠㱚t耆	肂 + 縠 + 㱚 + 耆	0 0 0 20	肂 + 縠 + 㱚 + 耆	t	耆	
221	cjp	19	PKU44-45	1	(亻+矦)騎淳沮	𠊱 + 騎 + 淳 + 沮	0 0 0 0	𠊱 + 騎 + 淳 + 沮			
222	cjp	19	PKU44-45	1	決議篇t(禾+(夂/亠/曰))	決 + 議 + 篇 + 禾+(夂/亠/曰)	0 0 0 20	決 + 議 + 篇 + 禾+(夂/亠/曰)	t	禾+(夂/亠/曰)	
223	cjp	19	PKU44-45	1	嬎欺蒙期	嬎 + 欺 + 蒙 + 期	0 0 0 0	嬎 + 欺 + 蒙 + 期			
224	cjp	19	PKU44-45	1	耒旬隷t氐	耒 + 旬 + 隷 + 氐	0 0 0 20	耒 + 旬 + 隷 + 氐	t	氐	
225	cjp	19	PKU44-45	1	%百(廿+廿)四	百 + 𠦜 + 四	0 0 0	百 + 𠦜 + 四			
226	cjp	20	PKU46-52	1	%顓	顓	0	顓			
227	cjp	20	PKU46-52	1	顓頊祝融	顓 + 頊 + 祝 + 融	0 0 0 0	顓 + 頊 + 祝 + 融			
228	cjp	20	PKU46-52	1	柖榣奮u光	柖 + 榣 + 奮 + 光	0 0 0 21	柖 + 榣 + 奮 + 光	u	光	
229	cjp	20	PKU46-52	1	(羔+頁)豫録恢	䫞 + 豫 + 録 + 恢	0 0 0 0	䫞 + 豫 + 録 + 恢			
230	cjp	20	PKU46-52	1	(彳+勻)(阝+(圣/冃))愷u襄	𢓈 + 阝+(圣/冃) + 愷 + 襄	0 0 0 21	𢓈 + 阝+(圣/冃) + 愷 + 襄	u	襄	
231	cjp	20	PKU46-52	1	鄢鄧析(麗+阝)	鄢 + 鄧 + 析 + 酈	0 0 0 0	鄢 + 鄧 + 析 + 酈			
232	cjp	20	PKU46-52	1	頊宛䣞(号+阝)u(襄+阝)[an extra character in this line]	頊 + 宛 + 䣞 + 𨚙 + 𨟚	0 0 0 0 21	頊 + 宛 + 䣞 + 𨚙 + 𨟚	u	𨟚	[an extra character in this line
233	cjp	20	PKU46-52	1	閱(彳+(玄/冃)+务)(穴/黽)䟆	閱 + 彳+(玄/冃)+务 + 𫁘 + 䟆	0 0 0 0	閱 + 彳+(玄/冃)+务 + 𫁘 + 䟆			
234	cjp	20	PKU46-52	1	滕先登u慶	滕 + 先 + 登 + 慶	0 0 0 21	滕 + 先 + 登 + 慶	u	慶	
235	cjp	20	PKU46-52	1	陳蔡宋衛	陳 + 蔡 + 宋 + 衛	0 0 0 0	陳 + 蔡 + 宋 + 衛			
236	cjp	20	PKU46-52	1	吳邗許u莊	吳 + 邗 + 許 + 莊	0 0 0 21	吳 + 邗 + 許 + 莊	u	莊	
237	cjp	20	PKU46-52	1	建武牴觸	建 + 武 + 牴 + 觸	0 0 0 0	建 + 武 + 牴 + 觸			
238	cjp	20	PKU46-52	1	軍役嘉u臧	軍 + 役 + 嘉 + 臧	0 0 0 21	軍 + 役 + 嘉 + 臧	u	臧	
239	cjp	20	PKU46-52	1	貿易買販	貿 + 易 + 買 + 販	0 0 0 0	貿 + 易 + 買 + 販			
240	cjp	20	PKU46-52	1	市旅賈u商	市 + 旅 + 賈 + 商	0 0 0 21	市 + 旅 + 賈 + 商	u	商	
241	cjp	20	PKU46-52	1	䚡(尸/玨/衣)賁逹	䚡 + 尸/玨/衣 + 賁 + 逹	0 0 0 0	䚡 + 尸/玨/衣 + 賁 + 逹			
242	cjp	20	PKU46-52	1	遊敖周u章	遊 + 敖 + 周 + 章	0 0 0 21	遊 + 敖 + 周 + 章	u	章	
243	cjp	20	PKU46-52	1	黚((广/(肙犬))/黑)黯黮	黚 + (广/(肙犬))/黑 + 黯 + 黮	0 0 0 0	黚 + (广/(肙犬))/黑 + 黯 + 黮			
244	cjp	20	PKU46-52	1	(黑+寃)黝黭u䵮	黑+寃 + 黝 + 黭 + 䵮	0 0 0 21	黑+寃 + 黝 + 黭 + 䵮	u	䵮	
245	cjp	20	PKU46-52	1	(黑+金)黤赫赧	𪑙 + 黤 + 赫 + 赧	0 0 0 0	𪑙 + 黤 + 赫 + 赧			
246	cjp	20	PKU46-52	1	鯈赤白u黃	鯈 + 赤 + 白 + 黃	0 0 0 21	鯈 + 赤 + 白 + 黃	u	黃	
247	cjp	20	PKU46-52	1	殣(𠫓/丗/廾)(月+矍)廋	殣 + 𠫓/丗/廾 + 𦣒 + 廋	0 0 0 0	殣 + 𠫓/丗/廾 + 𦣒 + 廋			
248	cjp	20	PKU46-52	1	兒孺旱u(歹+昜)	兒 + 孺 + 旱 + 歹+昜	0 0 0 21	兒 + 孺 + 旱 + 歹+昜	u	歹+昜	
249	cjp	20	PKU46-52	1	恐戄懷歸	恐 + 戄 + 懷 + 歸	0 0 0 0	恐 + 戄 + 懷 + 歸			
250	cjp	20	PKU46-52	1	趨走寎u狂	趨 + 走 + 寎 + 狂	0 0 0 21	趨 + 走 + 寎 + 狂	u	狂	
251	cjp	20	PKU46-52	1	疵疕禿瘻	疵 + 疕 + 禿 + 瘻	0 0 0 0	疵 + 疕 + 禿 + 瘻			
252	cjp	20	PKU46-52	1	齮(齕+一)痍u傷	齮 + 齕+一 + 痍 + 傷	0 0 0 21	齮 + 齕+一 + 痍 + 傷	u	傷	
253	cjp	20	PKU46-52	1	毆伐疻痏	毆 + 伐 + 疻 + 痏	0 0 0 0	毆 + 伐 + 疻 + 痏			
254	cjp	20	PKU46-52	1	䏐胅睛u盲	䏐 + 胅 + 睛 + 盲	0 0 0 21	䏐 + 胅 + 睛 + 盲	u	盲	
255	cjp	20	PKU46-52	1	(㚔+丮)囚束縛	𡙕 + 囚 + 束 + 縛	0 0 0 0	𡙕 + 囚 + 束 + 縛			
256	cjp	20	PKU46-52	1	論訊既u詳	論 + 訊 + 既 + 詳	0 0 0 21	論 + 訊 + 既 + 詳	u	詳	
257	cjp	20	PKU46-52	1	卜筮(兆+卜)占	卜 + 筮 + 𠧞 + 占	0 0 0 0	卜 + 筮 + 𠧞 + 占			
258	cjp	20	PKU46-52	1	祟在社u場	祟 + 在 + 社 + 場	0 0 0 21	祟 + 在 + 社 + 場	u	場	
259	cjp	20	PKU46-52	1	寇賊盜殺	寇 + 賊 + 盜 + 殺	0 0 0 0	寇 + 賊 + 盜 + 殺			
260	cjp	20	PKU46-52	1	捕獄問u諒	捕 + 獄 + 問 + 諒	0 0 0 21	捕 + 獄 + 問 + 諒	u	諒	
261	cjp	20	PKU46-52	1	%百丗六	百 + 丗 + 六	0 0 0	百 + 丗 + 六			
262	cjp	21	PKU53-55	1	%室	室	0	室			
263	cjp	21	PKU53-55	1	室宇邑里	室 + 宇 + 邑 + 里	0 0 0 0	室 + 宇 + 邑 + 里			
264	cjp	21	PKU53-55	1	((目/朩)+系)((口/㐭)+阝)封v彊	(目/朩)+系 + (口/㐭)+阝 + 封 + 彊	0 0 0 22	(目/朩)+系 + (口/㐭)+阝 + 封 + 彊	v	彊	
265	cjp	21	PKU53-55	1	徑路衝術	徑 + 路 + 衝 + 術	0 0 0 0	徑 + 路 + 衝 + 術			
266	cjp	21	PKU53-55	1	街巷垣v蘠	街 + 巷 + 垣 + 蘠	0 0 0 22	街 + 巷 + 垣 + 蘠	v	蘠	
267	cjp	21	PKU53-55	1	開閉門閭	開 + 閉 + 門 + 閭	0 0 0 0	開 + 閉 + 門 + 閭			
268	cjp	21	PKU53-55	1	宇闕(廴+𡈼)廟v郎[an extra character this line]	宇 + 闕 + 廴+𡈼 + 廟 + 郎	0 0 0 0 22	宇 + 闕 + 廴+𡈼 + 廟 + 郎	v	郎	[an extra character this line
269	cjp	21	PKU53-55	1	((尸/典)+攵)層屋內	(尸/典)+攵 + 層 + 屋 + 內	0 0 0 0	(尸/典)+攵 + 層 + 屋 + 內			
270	cjp	21	PKU53-55	1	窻牖戶v房	窻 + 牖 + 戶 + 房	0 0 0 22	窻 + 牖 + 戶 + 房	v	房	
271	cjp	21	PKU53-55	1	桴(木+(土/尸/目))榱(木+毘)	桴 + 木+(土/尸/目) + 榱 + 木+毘	0 0 0 0	桴 + 木+(土/尸/目) + 榱 + 木+毘			
272	cjp	21	PKU53-55	1	柱枅橋v梁	柱 + 枅 + 橋 + 梁	0 0 0 22	柱 + 枅 + 橋 + 梁	v	梁	
273	cjp	21	PKU53-55	1	屏圂廬廡	屏 + 圂 + 廬 + 廡	0 0 0 0	屏 + 圂 + 廬 + 廡			
274	cjp	21	PKU53-55	1	亭庉陛v堂	亭 + 庉 + 陛 + 堂	0 0 0 22	亭 + 庉 + 陛 + 堂	v	堂	
275	cjp	21	PKU53-55	1	庫府廥廄	庫 + 府 + 廥 + 廄	0 0 0 0	庫 + 府 + 廥 + 廄			
276	cjp	21	PKU53-55	1	囷窖廩v倉	囷 + 窖 + 廩 + 倉	0 0 0 22	囷 + 窖 + 廩 + 倉	v	倉	
277	cjp	21	PKU53-55	1	桶概參斗	桶 + 概 + 參 + 斗	0 0 0 0	桶 + 概 + 參 + 斗			
278	cjp	21	PKU53-55	1	{升半實}v當	升 + 半 + 實 + 當	0 0 0 22	升 + 半 + 實 + 當	v	當	
279	cjp	21	PKU53-55	1	食黍梁[this line is missing one character]	食 + 黍 + 梁	0 0 0	食 + 黍 + 梁			[this line is missing one character
280	cjp	21	PKU53-55	1	君侯整v龠	君 + 侯 + 整 + 龠	0 0 0 22	君 + 侯 + 整 + 龠	v	龠	
281	cjp	21	PKU53-55	1	坐有行[this line is missing one character]	坐 + 有 + 行	0 0 0	坐 + 有 + 行			[this line is missing one character
282	cjp	21	PKU53-55	1	%百五	百 + 五	0 0	百 + 五			
283	cjp	22	PKU56-58	1	犀犛豺w狼	犀 + 犛 + 豺 + 狼	0 0 0 23	犀 + 犛 + 豺 + 狼	w	狼	
284	cjp	22	PKU56-58	1	貙貍麈豻	貙 + 貍 + 麈 + 豻	0 0 0 0	貙 + 貍 + 麈 + 豻			
285	cjp	22	PKU56-58	1	麢((𠂊/囗/比)/史)(鹿/(亠/曰))w(鹿/(一/田/一))	麢 + (𠂊/囗/比)/史 + 鹿/(亠/曰) + 鹿/(一/田/一)	0 0 0 23	麢 + (𠂊/囗/比)/史 + 鹿/(亠/曰) + 鹿/(一/田/一)	w	鹿/(一/田/一)	
286	cjp	22	PKU56-58	1	䲨鵠(鳥/力)鴈	䲨 + 鵠 + 𩾜 + 鴈	0 0 0 0	䲨 + 鵠 + 𩾜 + 鴈			
287	cjp	22	PKU56-58	1	鳩鴞鴛w(央+鳥)	鳩 + 鴞 + 鴛 + 𩿶	0 0 0 23	鳩 + 鴞 + 鴛 + 𩿶	w	𩿶	
288	cjp	22	PKU56-58	1	陂池溝洫	陂 + 池 + 溝 + 洫	0 0 0 0	陂 + 池 + 溝 + 洫			
289	cjp	22	PKU56-58	1	淵泉隄w防	淵 + 泉 + 隄 + 防	0 0 0 23	淵 + 泉 + 隄 + 防	w	防	
290	cjp	22	PKU56-58	1	江漢澮汾	江 + 漢 + 澮 + 汾	0 0 0 0	江 + 漢 + 澮 + 汾			
291	cjp	22	PKU56-58	1	河泲涊w漳	河 + 泲 + 涊 + 漳	0 0 0 23	河 + 泲 + 涊 + 漳	w	漳	
292	cjp	22	PKU56-58	1	伊雒涇渭	伊 + 雒 + 涇 + 渭	0 0 0 0	伊 + 雒 + 涇 + 渭			
293	cjp	22	PKU56-58	1	維楫舩w方	維 + 楫 + 舩 + 方	0 0 0 23	維 + 楫 + 舩 + 方	w	方	
294	cjp	22	PKU56-58	1	%百四	百 + 四	0 0	百 + 四			
295	cjp	23	PKU59-62	1	%雲	雲	0	雲			
296	cjp	23	PKU59-62	1	雲雨霣零	雲 + 雨 + 霣 + 零	0 0 0 0	雲 + 雨 + 霣 + 零			
297	cjp	23	PKU59-62	1	霚露(雨/彗)x霜	霚 + 露 + 䨮 + 霜	0 0 0 24	霚 + 露 + 䨮 + 霜	x	霜	
298	cjp	23	PKU59-62	1	朔時日月	朔 + 時 + 日 + 月	0 0 0 0	朔 + 時 + 日 + 月			
299	cjp	23	PKU59-62	1	星晨紀x綱	星 + 晨 + 紀 + 綱	0 0 0 24	星 + 晨 + 紀 + 綱	x	綱	
300	cjp	23	PKU59-62	1	冬寒((𦥑+頁)/夂)暑雨[this line has one extra character]	冬 + 寒 + (𦥑+頁)/夂 + 暑 + 雨	0 0 0 0 0	冬 + 寒 + (𦥑+頁)/夂 + 暑 + 雨			[this line has one extra character
301	cjp	23	PKU59-62	1	玄氣陰x陽	玄 + 氣 + 陰 + 陽	0 0 0 24	玄 + 氣 + 陰 + 陽	x	陽	
302	cjp	23	PKU59-62	1	杲旭宿尾	杲 + 旭 + 宿 + 尾	0 0 0 0	杲 + 旭 + 宿 + 尾			
303	cjp	23	PKU59-62	1	奎婁軫x亢	奎 + 婁 + 軫 + 亢	0 0 0 24	奎 + 婁 + 軫 + 亢	x	亢	
304	cjp	23	PKU59-62	1	弘((丰+丰)/㒭)翦㞒	弘 + (丰+丰)/㒭 + 翦 + 㞒	0 0 0 0	弘 + (丰+丰)/㒭 + 翦 + 㞒			
305	cjp	23	PKU59-62	1	霸暨傅x庚	霸 + 暨 + 傅 + 庚	0 0 0 24	霸 + 暨 + 傅 + 庚	x	庚	
306	cjp	23	PKU59-62	1	(山/(十+𠈌+一))巒岑崩	山/(十+𠈌+一) + 巒 + 岑 + 崩	0 0 0 0	山/(十+𠈌+一) + 巒 + 岑 + 崩			
307	cjp	23	PKU59-62	1	阮嵬阤x阬	阮 + 嵬 + 阤 + 阬	0 0 0 24	阮 + 嵬 + 阤 + 阬	x	阬	
308	cjp	23	PKU59-62	1	阿尉馺瑣	阿 + 尉 + 馺 + 瑣	0 0 0 0	阿 + 尉 + 馺 + 瑣			
309	cjp	23	PKU59-62	1	漆(囗+米)氐x羌	漆 + 囗+米 + 氐 + 羌	0 0 0 24	漆 + 囗+米 + 氐 + 羌	x	羌	
310	cjp	23	PKU59-62	1	贅拾鋏鎔	贅 + 拾 + 鋏 + 鎔	0 0 0 0	贅 + 拾 + 鋏 + 鎔			
311	cjp	23	PKU59-62	1	鑄冶容x鑲	鑄 + 冶 + 容 + 鑲	0 0 0 24	鑄 + 冶 + 容 + 鑲	x	鑲	
312	cjp	23	PKU59-62	1	顗視((土/黽)+欠)豎	顗 + 視 + (土/黽)+欠 + 豎	0 0 0 0	顗 + 視 + (土/黽)+欠 + 豎			
313	cjp	23	PKU59-62	1	偃(曰/黽)運x糧	偃 + 曰/黽 + 運 + 糧	0 0 0 24	偃 + 曰/黽 + 運 + 糧	x	糧	
314	cjp	23	PKU59-62	1	攻穿襜魯	攻 + 穿 + 襜 + 魯	0 0 0 0	攻 + 穿 + 襜 + 魯			
315	cjp	23	PKU59-62	1	壘鄣墜x京	壘 + 鄣 + 墜 + 京	0 0 0 24	壘 + 鄣 + 墜 + 京	x	京	
316	cjp	23	PKU59-62	1	{咸(土+□)斥競	咸 + 土+□ + 斥 + 競	0 0 0 0	咸 + 土+□ + 斥 + 競			
317	cjp	23	PKU59-62	1	盡摶四x荒}	盡 + 摶 + 四 + 荒	0 0 0 24	盡 + 摶 + 四 + 荒	x	荒	
318	cjp	23	PKU59-62	1	□鎬林禁	鎬 + 林 + 禁	0 0 0	鎬 + 林 + 禁			
319	cjp	24	PKU63-64	1	輪((出+一)+并)𤲙(巾+宁)y箱	輪 + (出+一)+并 + 𤲙 + 𢁼 + 箱	0 0 0 0 25	輪 + (出+一)+并 + 𤲙 + 𢁼 + 箱	y	箱	
320	cjp	24	PKU63-64	1	松柏橎棫	松 + 柏 + 橎 + 棫	0 0 0 0	松 + 柏 + 橎 + 棫			
321	cjp	24	PKU63-64	1	桐梓杜y楊	桐 + 梓 + 杜 + 楊	0 0 0 25	桐 + 梓 + 杜 + 楊	y	楊	
322	cjp	24	PKU63-64	1	((林+爻)/勹/(皀+彡))(木+聿)桃李	(林+爻)/勹/(皀+彡) + 𣑵 + 桃 + 李	0 0 0 0	(林+爻)/勹/(皀+彡) + 𣑵 + 桃 + 李			
323	cjp	24	PKU63-64	1	棗杏榆y桒	棗 + 杏 + 榆 + 桒	0 0 0 25	棗 + 杏 + 榆 + 桒	y	桒	
324	cjp	24	PKU63-64	1	(雚+一)葦菅(艹/耐)	雚+一 + 葦 + 菅 + 艹/耐	0 0 0 0	雚+一 + 葦 + 菅 + 艹/耐			
325	cjp	24	PKU63-64	1	莞蒲藺y蔣	莞 + 蒲 + 藺 + 蔣	0 0 0 25	莞 + 蒲 + 藺 + 蔣	y	蔣	
326	cjp	24	PKU63-64	1	耑末根本	耑 + 末 + 根 + 本	0 0 0 0	耑 + 末 + 根 + 本			
327	cjp	24	PKU63-64	1	榮葉莠y英	榮 + 葉 + 莠 + 英	0 0 0 25	榮 + 葉 + 莠 + 英	y	英	
328	cjp	24	PKU63-64	1	麋鹿熊羆	麋 + 鹿 + 熊 + 羆	0 0 0 0	麋 + 鹿 + 熊 + 羆			
329	cjp	24	PKU63-64	1	□□□y□						
330	cjp	25	PKU65	1	□堯(?/大/舛)禹湯	堯 + ?/大/舛 + 禹 + 湯	0 0 0 0	堯 + ?/大/舛 + 禹 + 湯			
331	cjp	25	PKU65	1	(顡+一)z(匕+卩)趮(广/欮/虫)[placement of rhyme is uncertain]	顡+一 + 𠨐 + 趮 + 广/欮/虫	0 26 0 0	顡+一 + 𠨐 + 趮 + 广/欮/虫	z	𠨐	[placement of rhyme is uncertain
332	cjp	25	PKU65	1	(目+□)(目+□)	目+□ + 目+□	0 0	目+□ + 目+□			
333	cjp	26	PKU66	1	狗獳(鹿/需)aa䶄	狗 + 獳 + 鹿/需 + 䶄	0 0 0 1	狗 + 獳 + 鹿/需 + 䶄	a	䶄	
334	cjp	26	PKU66	1	媥䵎娺	媥 + 䵎 + 娺	0 0 0	媥 + 䵎 + 娺			
335	cjp	27	PKU67	1	(衛/牛)嬐㛥ab䁝	衛/牛 + 嬐 + 㛥 + 䁝	0 0 0 2	衛/牛 + 嬐 + 㛥 + 䁝	b	䁝	
336	cjp	27	PKU67	1	魁鉅圜艫	魁 + 鉅 + 圜 + 艫	0 0 0 0	魁 + 鉅 + 圜 + 艫			
337	cjp	27	PKU67	1	與瀕庾ab請	與 + 瀕 + 庾 + 請	0 0 0 2	與 + 瀕 + 庾 + 請	b	請	
338	cjp	27	PKU67	1	%百五十二	百 + 五 + 十 + 二	0 0 0 0	百 + 五 + 十 + 二			
339	cjp	28	PKU68-70	1	%鶡	鶡	0	鶡			
340	cjp	28	PKU68-70	1	鶡((匕/十)+隹)牝牡	鶡 + (匕/十)+隹 + 牝 + 牡	0 0 0 0	鶡 + (匕/十)+隹 + 牝 + 牡			
341	cjp	28	PKU68-70	1	雄雌俱ac鳴	雄 + 雌 + 俱 + 鳴	0 0 0 3	雄 + 雌 + 俱 + 鳴	c	鳴	
342	cjp	28	PKU68-70	1	屆寵趯急	屆 + 寵 + 趯 + 急	0 0 0 0	屆 + 寵 + 趯 + 急			
343	cjp	28	PKU68-70	1	邁徙覺ac驚	邁 + 徙 + 覺 + 驚	0 0 0 3	邁 + 徙 + 覺 + 驚	c	驚	
344	cjp	28	PKU68-70	1	(犭+开)(氵+算)僂繚((匕/十)+隹)	𤜵 + 𤀤 + 僂 + 繚 + (匕/十)+隹	0 0 0 0 0	𤜵 + 𤀤 + 僂 + 繚 + (匕/十)+隹			
345	cjp	28	PKU68-70	1	頗科樹ac莖	頗 + 科 + 樹 + 莖	0 0 0 3	頗 + 科 + 樹 + 莖	c	莖	
346	cjp	28	PKU68-70	1	禋糈姪娣	禋 + 糈 + 姪 + 娣	0 0 0 0	禋 + 糈 + 姪 + 娣			
347	cjp	28	PKU68-70	1	叚耤合ac冥	叚 + 耤 + 合 + 冥	0 0 0 3	叚 + 耤 + 合 + 冥	c	冥	
348	cjp	28	PKU68-70	1	踝企(疒/盍)((林/月)+夂)	踝 + 企 + 疒/盍 + (林/月)+夂	0 0 0 0	踝 + 企 + 疒/盍 + (林/月)+夂			
349	cjp	28	PKU68-70	1	(耒+負)犺播ac耕	耒+負 + 犺 + 播 + 耕	0 0 0 3	耒+負 + 犺 + 播 + 耕	c	耕	
350	cjp	28	PKU68-70	1	(((臼/土)+攵)女)䫒娑孅	((臼/土)+攵)女 + 䫒 + 娑 + 孅	0 0 0 0	((臼/土)+攵)女 + 䫒 + 娑 + 孅			
351	cjp	28	PKU68-70	1	婠(陝/女)眇ac靖	婠 + 𡟨 + 眇 + 靖	0 0 0 3	婠 + 𡟨 + 眇 + 靖	c	靖	
352	cjp	28	PKU68-70	1	妰繠姍賸	妰 + 繠 + 姍 + 賸	0 0 0 0	妰 + 繠 + 姍 + 賸			
353	cjp	28	PKU68-70	1	訐慧竄ac煢	訐 + 慧 + 竄 + 煢	0 0 0 3	訐 + 慧 + 竄 + 煢	c	煢	
354	cjp	28	PKU68-70	1	罪蠱訟((乂/右)+卩)	罪 + 蠱 + 訟 + (乂/右)+卩	0 0 0 0	罪 + 蠱 + 訟 + (乂/右)+卩			
355	cjp	28	PKU68-70	1	□□□ac□						
356	cjp	29	PKU7	1	(艹/罒/戈/目)疑齰圉	艹/罒/戈/目 + 疑 + 齰 + 圉	0 0 0 0	艹/罒/戈/目 + 疑 + 齰 + 圉			
357	cjp	29	PKU7	1	(亠/幸/𧘇)(糹+矦)糾ad絣	亠/幸/𧘇 + 𦂐 + 糾 + 絣	0 0 0 4	亠/幸/𧘇 + 𦂐 + 糾 + 絣	d	絣	
358	cjp	29	PKU7	1	律丸內戍	律 + 丸 + 內 + 戍	0 0 0 0	律 + 丸 + 內 + 戍			
359	cjp	29	PKU7	1	闒踐((目/大)/((目/大)+(目/大)))ad朾	闒 + 踐 + (目/大)/((目/大)+(目/大)) + 朾	0 0 0 4	闒 + 踐 + (目/大)/((目/大)+(目/大)) + 朾	d	朾	
360	cjp	29	PKU7	1	(雀+戈)烄熱樠	𢧵 + 烄 + 熱 + 樠	0 0 0 0	𢧵 + 烄 + 熱 + 樠			
361	cjp	29	PKU7	1	(艹/((革/一/灬)+隹))火燭ad熒	艹/((革/一/灬)+隹) + 火 + 燭 + 熒	0 0 0 4	艹/((革/一/灬)+隹) + 火 + 燭 + 熒	d	熒	
362	cjp	29	PKU7	1	媨㜮窺䰓	媨 + 㜮 + 窺 + 䰓	0 0 0 0	媨 + 㜮 + 窺 + 䰓			
363	cjp	29	PKU7	1	㥦(扌+夒)(女+((𦥑+白)/示))ad娙	㥦 + 𢺕 + 女+((𦥑+白)/示) + 娙	0 0 0 4	㥦 + 𢺕 + 女+((𦥑+白)/示) + 娙	d	娙	
364	cjp	29	PKU7	1	樊(广/(肙+犬))(女+厄)秩	樊 + 广/(肙+犬) + 𡛖 + 秩	0 0 0 0	樊 + 广/(肙+犬) + 𡛖 + 秩			
365	cjp	29	PKU7	1	私(酉+䀁)救ad酲	私 + 酉+䀁 + 救 + 酲	0 0 0 4	私 + 酉+䀁 + 救 + 酲	d	酲	
366	cjp	29	PKU7	1	%百廿	百 + 廿	0 0	百 + 廿			
367	cjp	30	PKU73	1	院闞(門/(糹+糹)/卄))𨷲ae扃	院 + 闞 + 門/(糹+糹)/卄)𨷲ae扃	0 0 0	院 + 闞 + 門/(糹+糹)/卄)𨷲ae扃			
368	cjp	30	PKU73	1	增竲尃斯	增 + 竲 + 尃 + 斯	0 0 0 0	增 + 竲 + 尃 + 斯			
369	cjp	31	PKU74	1	陝邮(宀/艹/□)	陝 + 邮 + 宀/艹/□	0 0 0	陝 + 邮 + 宀/艹/□			
370	cjp	32	PKU75	1	郡邊	郡 + 邊	0 0	郡 + 邊			
371	cjp	33	PKU76	1	(艹/(氵+□))(虫+□)((目+又)/手)陬□(隹/弓)陼(亦+阝)(非+阝)[rhyme work not identified]	艹/(氵+□) + 虫+□ + (目+又)/手 + 陬 + 隹/弓 + 陼 + 亦+阝 + 非+阝	0 0 0 0 0 0 0 0	艹/(氵+□) + 虫+□ + (目+又)/手 + 陬 + 隹/弓 + 陼 + 亦+阝 + 非+阝			[rhyme work not identified
372	cjp	34	PKU77	1	(□/曰)□□□(□+賣)(□+乂/厷)	□/曰 + □+賣 + □+乂/厷	0 0 0	□/曰 + □+賣 + □+乂/厷			
373	cjp	34	PKU77	1	%百廿八	百 + 廿 + 八	0 0 0	百 + 廿 + 八			
374	cjp	35	PKU78	1	(辵+□)(辵+□)((木/飠)+□)	辵+□ + 辵+□ + (木/飠)+□	0 0 0	辵+□ + 辵+□ + (木/飠)+□			
375	cjp	36	PKU79	1	□渠波□	渠 + 波	0 0	渠 + 波			
376	cjp	36	PKU79	1	LSZJ13.4						
377	cjp	36	PKU79	1	寸薄厚廣俠好醜長短 [rhyme word not identified]	寸 + 薄 + 厚 + 廣 + 俠 + 好 + 醜 + 長 + 短	0 0 0 0 0 0 0 0 0	寸 + 薄 + 厚 + 廣 + 俠 + 好 + 醜 + 長 + 短			[rhyme word not identified
378	cjp	36	PKU79	1	JYXT50:1						
379	cjp	36	PKU79	1	蒼頡作書	蒼 + 頡 + 作 + 書	0 0 0 0	蒼 + 頡 + 作 + 書			
380	cjp	36	PKU79	1	以教後af嗣	以 + 教 + 後 + 嗣	0 0 0 6	以 + 教 + 後 + 嗣	f	嗣	
381	cjp	36	PKU79	1	幼子承昭	幼 + 子 + 承 + 昭	0 0 0 0	幼 + 子 + 承 + 昭			
382	cjp	36	PKU79	1	謹慎敬af戒	謹 + 慎 + 敬 + 戒	0 0 0 6	謹 + 慎 + 敬 + 戒	f	戒	
383	cjp	36	PKU79	1	勉力風誦	勉 + 力 + 風 + 誦	0 0 0 0	勉 + 力 + 風 + 誦			
384	cjp	36	PKU79	1	畫夜忽af置	畫 + 夜 + 忽 + 置	0 0 0 6	畫 + 夜 + 忽 + 置	f	置	
385	cjp	36	PKU79	1	苟務成史	苟 + 務 + 成 + 史	0 0 0 0	苟 + 務 + 成 + 史			
386	cjp	36	PKU79	1	計會辨af治	計 + 會 + 辨 + 治	0 0 0 6	計 + 會 + 辨 + 治	f	治	
387	cjp	36	PKU79	1	超等軼群	超 + 等 + 軼 + 群	0 0 0 0	超 + 等 + 軼 + 群			
388	cjp	36	PKU79	1	出尤別af異	出 + 尤 + 別 + 異	0 0 0 6	出 + 尤 + 別 + 異	f	異	
389	cjp	36	PKU79	1	初雖勞苦	初 + 雖 + 勞 + 苦	0 0 0 0	初 + 雖 + 勞 + 苦			
390	cjp	36	PKU79	1	卒必有af意	卒 + 必 + 有 + 意	0 0 0 6	卒 + 必 + 有 + 意	f	意	
391	cjp	36	PKU79	1	慤原忠信	慤 + 原 + 忠 + 信	0 0 0 0	慤 + 原 + 忠 + 信			
392	cjp	36	PKU79	1	微密倓af言	微 + 密 + 倓 + 言	0 0 0 6	微 + 密 + 倓 + 言	f	言	
393	cjp	36	PKU79	1	賞賞	賞 + 賞	0 0	賞 + 賞			
394	cjp	36	PKU79	1	%JY260.9A						
395	cjp	36	PKU79	1	%第三	第 + 三	0 0	第 + 三			
396	cjp	36	PKU79	1	刑薄賦寬繇闕□	刑 + 薄 + 賦 + 寬 + 繇 + 闕	0 0 0 0 0 0	刑 + 薄 + 賦 + 寬 + 繇 + 闕			
397	cjp	36	PKU79	1	%JY31.6_31.9						
398	cjp	36	PKU79	1	柃柱馬柳□□	柃 + 柱 + 馬 + 柳	0 0 0 0	柃 + 柱 + 馬 + 柳			
399	cjp	36	PKU79	1	%JY307.3ABC						
400	cjp	36	PKU79	1	□婺□□□妬(□/女)奴綰功脊蠡(犭+□)□□都立其傳辭(禾+□)疊□慮袑(糸+□)商□□□□□□□□□□冒□□□□□□□□□□□□□□□[rhyme words unclear]	婺 + 妬 + □/女 + 奴 + 綰 + 功 + 脊 + 蠡 + 犭+□ + 都 + 立 + 其 + 傳 + 辭 + 禾+□ + 疊 + 慮 + 袑 + 糸+□ + 商 + 冒	0 0 0 0 0 0 0 0 0 0 0 0 0 0 0 0 0 0 0 0 0	婺 + 妬 + □/女 + 奴 + 綰 + 功 + 脊 + 蠡 + 犭+□ + 都 + 立 + 其 + 傳 + 辭 + 禾+□ + 疊 + 慮 + 袑 + 糸+□ + 商 + 冒			[rhyme words unclear
401	cjp	36	PKU79	1	%SQZ1						
402	cjp	36	PKU79	1	開灸疾偷延嬰	開 + 灸 + 疾 + 偷 + 延 + 嬰	0 0 0 0 0 0	開 + 灸 + 疾 + 偷 + 延 + 嬰			
403	cjp	36	PKU79	1	%SQZ2						
404	cjp	36	PKU79	1	白黑分初	白 + 黑 + 分 + 初	0 0 0 0	白 + 黑 + 分 + 初			
405	cjp	36	PKU79	1	%SQZ3						
406	cjp	36	PKU79	1	耳齒口中罰手足蹇隹一脛((車/山)+殳)	耳 + 齒 + 口 + 中 + 罰 + 手 + 足 + 蹇 + 隹 + 一 + 脛 + (車/山)+殳	0 0 0 0 0 0 0 0 0 0 0 0	耳 + 齒 + 口 + 中 + 罰 + 手 + 足 + 蹇 + 隹 + 一 + 脛 + (車/山)+殳			
407	cjp	36	PKU79	1	%SQZ5						
408	cjp	36	PKU79	1	贏㠷用載粟(由+并)備(由+并)箱敝	贏 + 㠷 + 用 + 載 + 粟 + 𢆟 + 備 + 𢆟 + 箱 + 敝	0 0 0 0 0 0 0 0 0 0	贏 + 㠷 + 用 + 載 + 粟 + 𢆟 + 備 + 𢆟 + 箱 + 敝			
409	cjp	36	PKU79	1	%SQZ6						
410	cjp	36	PKU79	1	犧羊辟道旁(豸+彖)(豸+從)(貑+彳)(豸+(立/貝))小(者+皮)	犧 + 羊 + 辟 + 道 + 旁 + 𧳩 + 豸+從 + 貑+彳 + 豸+(立/貝) + 小 + 𥀁	0 0 0 0 0 0 0 0 0 0 0	犧 + 羊 + 辟 + 道 + 旁 + 𧳩 + 豸+從 + 貑+彳 + 豸+(立/貝) + 小 + 𥀁			
411	cjp	36	PKU79	1	%SQZ7						
412	cjp	36	PKU79	1	給死固當詘折犇亡離其鄉	給 + 死 + 固 + 當 + 詘 + 折 + 犇 + 亡 + 離 + 其 + 鄉	0 0 0 0 0 0 0 0 0 0 0	給 + 死 + 固 + 當 + 詘 + 折 + 犇 + 亡 + 離 + 其 + 鄉			
413	cjp	36	PKU79	1	%SQZ10						
414	cjp	36	PKU79	1	(忄+即)疾材復凡百五字	忄+即 + 疾 + 材 + 復 + 凡 + 百 + 五 + 字	0 0 0 0 0 0 0 0	忄+即 + 疾 + 材 + 復 + 凡 + 百 + 五 + 字			
